Date,Flow
2016/10/1,0.244486649
2016/10/1,0.150416033
2016/10/1,0.084727304
2016/10/1,0.051511067
2016/10/1,0.036397081
2016/10/1,0.074700011
2016/10/1,0.13567392
2016/10/1,0.27796851
2016/10/1,0.443890324
2016/10/1,0.553499924
2016/10/1,0.692221875
2016/10/1,0.815059533
2016/10/1,0.794872135
2016/10/1,0.749981738
2016/10/1,0.806665826
2016/10/1,0.888610722
2016/10/1,0.852153876
2016/10/1,0.839828938
2016/10/1,0.897416146
2016/10/1,0.858316344
2016/10/1,0.790608876
2016/10/1,0.674504778
2016/10/1,0.576489651
2016/10/1,0.421524813
2016/10/2,0.181254939
2016/10/2,0.107052972
2016/10/2,0.063610224
2016/10/2,0.036569736
2016/10/2,0.027910405
2016/10/2,0.043675169
2016/10/2,0.083824184
2016/10/2,0.220620364
2016/10/2,0.402506159
2016/10/2,0.52526413
2016/10/2,0.662073591
2016/10/2,0.761363712
2016/10/2,0.7428099
2016/10/2,0.766158219
2016/10/2,0.882846689
2016/10/2,0.942054201
2016/10/2,0.898943482
2016/10/2,0.913937937
2016/10/2,0.96889547
2016/10/2,0.964539243
2016/10/2,0.899474729
2016/10/2,0.783158132
2016/10/2,0.643626028
2016/10/2,0.450092636
2016/10/3,0.165516738
2016/10/3,0.110931077
2016/10/3,0.059612588
2016/10/3,0.034484591
2016/10/3,0.022903399
2016/10/3,0.044578289
2016/10/3,0.0990577
2016/10/3,0.222466448
2016/10/3,0.385652338
2016/10/3,0.566781106
2016/10/3,0.695940607
2016/10/3,0.774870674
2016/10/3,0.765587128
2016/10/3,0.783782348
2016/10/3,0.836535205
2016/10/3,0.887282604
2016/10/3,0.896765368
2016/10/3,0.932770654
2016/10/3,0.950487751
2016/10/3,0.905623917
2016/10/3,0.870442064
2016/10/3,0.717974088
2016/10/3,0.601551242
2016/10/3,0.434274748
2016/10/4,0.178147142
2016/10/4,0.103812363
2016/10/4,0.060064148
2016/10/4,0.036529893
2016/10/4,0.026794786
2016/10/4,0.043024391
2016/10/4,0.095524906
2016/10/4,0.212359468
2016/10/4,0.388680448
2016/10/4,0.544933561
2016/10/4,0.677572731
2016/10/4,0.774751144
2016/10/4,0.760141843
2016/10/4,0.790462783
2016/10/4,0.869977223
2016/10/4,0.944126065
2016/10/4,0.916474643
2016/10/4,0.951430715
2016/10/4,1
2016/10/4,0.957274436
2016/10/4,0.903405959
2016/10/4,0.80604161
2016/10/4,0.655539249
2016/10/4,0.420103726
2016/10/5,0.147972295
2016/10/5,0.099110825
2016/10/5,0.052693092
2016/10/5,0.033103348
2016/10/5,0.021243251
2016/10/5,0.035507242
2016/10/5,0.097052242
2016/10/5,0.22540159
2016/10/5,0.36927664
2016/10/5,0.485022146
2016/10/5,0.656030653
2016/10/5,0.846828122
2016/10/5,0.898266142
2016/10/5,0.871942838
2016/10/5,0.866962394
2016/10/5,0.902330183
2016/10/5,0.90375127
2016/10/5,0.898598171
2016/10/5,0.878995146
2016/10/5,0.826574318
2016/10/5,0.741720843
2016/10/5,0.670029019
2016/10/5,0.535384391
2016/10/5,0.35680561
2016/10/6,0.147387923
2016/10/6,0.090663993
2016/10/6,0.054207147
2016/10/6,0.030699453
2016/10/6,0.025533073
2016/10/6,0.034896307
2016/10/6,0.074978916
2016/10/6,0.214750081
2016/10/6,0.395135103
2016/10/6,0.481276853
2016/10/6,0.61152541
2016/10/6,0.782069075
2016/10/6,0.884506836
2016/10/6,0.887030261
2016/10/6,0.944736999
2016/10/6,0.983026649
2016/10/6,0.950155722
2016/10/6,0.927458181
2016/10/6,0.91161373
2016/10/6,0.799918985
2016/10/6,0.607541055
2016/10/6,0.584192737
2016/10/6,0.521372743
2016/10/6,0.371321943
2016/10/7,0.172316703
2016/10/7,0.116177144
2016/10/7,0.074208608
2016/10/7,0.035387711
2016/10/7,0.030367424
2016/10/7,0.041297837
2016/10/7,0.063437568
2016/10/7,0.206077469
2016/10/7,0.445165318
2016/10/7,0.474915166
2016/10/7,0.522342269
2016/10/7,0.633479205
2016/10/7,0.708584292
2016/10/7,0.697202319
2016/10/7,0.765414473
2016/10/7,0.810716586
2016/10/7,0.787753422
2016/10/7,0.813824383
2016/10/7,0.822071997
2016/10/7,0.786146398
2016/10/7,0.66419858
2016/10/7,0.591550512
2016/10/7,0.521943834
2016/10/7,0.336100246
2016/10/8,0.140043429
2016/10/8,0.080278108
2016/10/8,0.04582672
2016/10/8,0.028083061
2016/10/8,0.020419818
2016/10/8,0.031456481
2016/10/8,0.086108547
2016/10/8,0.283958324
2016/10/8,0.505979852
2016/10/8,0.515714959
2016/10/8,0.486217453
2016/10/8,0.515037619
2016/10/8,0.476907344
2016/10/8,0.503629083
2016/10/8,0.622004263
2016/10/8,0.675700084
2016/10/8,0.686192219
2016/10/8,0.657876737
2016/10/8,0.792441679
2016/10/8,0.808538472
2016/10/8,0.557072562
2016/10/8,0.566103766
2016/10/8,0.474556575
2016/10/8,0.28470207
2016/10/9,0.115499804
2016/10/9,0.085006209
2016/10/9,0.047938428
2016/10/9,0.023740114
2016/10/9,0.016342495
2016/10/9,0.021654968
2016/10/9,0.087277291
2016/10/9,0.313748016
2016/10/9,0.545863244
2016/10/9,0.703696817
2016/10/9,0.589452085
2016/10/9,0.531612535
2016/10/9,0.515130587
2016/10/9,0.503642364
2016/10/9,0.616877727
2016/10/9,0.688423457
2016/10/9,0.694360146
2016/10/9,0.695276547
2016/10/9,0.80256194
2016/10/9,0.745798166
2016/10/9,0.532343
2016/10/9,0.581231033
2016/10/9,0.438856756
2016/10/9,0.246638201
2016/10/10,0.101647531
2016/10/10,0.066439116
2016/10/10,0.037313482
2016/10/10,0.024789327
2016/10/10,0.016608119
2016/10/10,0.026077602
2016/10/10,0.086081985
2016/10/10,0.340947878
2016/10/10,0.593741907
2016/10/10,0.567684227
2016/10/10,0.504014237
2016/10/10,0.514240748
2016/10/10,0.50358924
2016/10/10,0.531453161
2016/10/10,0.648526785
2016/10/10,0.716340503
2016/10/10,0.716021755
2016/10/10,0.674584465
2016/10/10,0.82738447
2016/10/10,0.802508815
2016/10/10,0.542556229
2016/10/10,0.531360192
2016/10/10,0.447516087
2016/10/10,0.246053829
2016/10/11,0.105406105
2016/10/11,0.074965635
2016/10/11,0.039916594
2016/10/11,0.024829171
2016/10/11,0.014908127
2016/10/11,0.019862009
2016/10/11,0.082894501
2016/10/11,0.355610304
2016/10/11,0.619746462
2016/10/11,0.571230302
2016/10/11,0.523617263
2016/10/11,0.525317254
2016/10/11,0.491224459
2016/10/11,0.500627536
2016/10/11,0.604247322
2016/10/11,0.673110254
2016/10/11,0.647676789
2016/10/11,0.658607202
2016/10/11,0.81065018
2016/10/11,0.703444475
2016/10/11,0.523882887
2016/10/11,0.554177264
2016/10/11,0.446280937
2016/10/11,0.246505389
2016/10/12,0.093160855
2016/10/12,0.073969546
2016/10/12,0.041191588
2016/10/12,0.024855733
2016/10/12,0.012703451
2016/10/12,0.022996368
2016/10/12,0.082535909
2016/10/12,0.350749391
2016/10/12,0.609480108
2016/10/12,0.562916282
2016/10/12,0.568441254
2016/10/12,0.555438976
2016/10/12,0.486536201
2016/10/12,0.539727337
2016/10/12,0.704095253
2016/10/12,0.732742763
2016/10/12,0.690787508
2016/10/12,0.727151386
2016/10/12,0.843295327
2016/10/12,0.75528093
2016/10/12,0.542715603
2016/10/12,0.535251579
2016/10/12,0.439600502
2016/10/12,0.249360843
2016/10/13,0.096042872
2016/10/13,0.062414917
2016/10/13,0.040168937
2016/10/13,0.022411996
2016/10/13,0.009223781
2016/10/13,0.021641687
2016/10/13,0.089349156
2016/10/13,0.359289191
2016/10/13,0.62151286
2016/10/13,0.57962401
2016/10/13,0.518039166
2016/10/13,0.404697554
2016/10/13,0.361241525
2016/10/13,0.389437476
2016/10/13,0.457689473
2016/10/13,0.530032074
2016/10/13,0.532289875
2016/10/13,0.484783085
2016/10/13,0.596995797
2016/10/13,0.534892987
2016/10/13,0.398123369
2016/10/13,0.437170046
2016/10/13,0.353923593
2016/10/13,0.199038442
2016/10/14,0.083837465
2016/10/14,0.056996195
2016/10/14,0.028308841
2016/10/14,0.013460479
2016/10/14,0.006554264
2016/10/14,0.013447197
2016/10/14,0.057527442
2016/10/14,0.260756098
2016/10/14,0.447369994
2016/10/14,0.426425569
2016/10/14,0.401536633
2016/10/14,0.418842014
2016/10/14,0.398574929
2016/10/14,0.412334234
2016/10/14,0.484636992
2016/10/14,0.578295891
2016/10/14,0.683934418
2016/10/14,0.651767393
2016/10/14,0.648832252
2016/10/14,0.644290088
2016/10/14,0.597620012
2016/10/14,0.58849584
2016/10/14,0.55840068
2016/10/14,0.350324393
2016/10/15,0.105552198
2016/10/15,0.069347695
2016/10/15,0.043728294
2016/10/15,0.025453386
2016/10/15,0.010365963
2016/10/15,0.019516698
2016/10/15,0.056664165
2016/10/15,0.202013427
2016/10/15,0.404352244
2016/10/15,0.399863204
2016/10/15,0.424353704
2016/10/15,0.55885224
2016/10/15,0.599758282
2016/10/15,0.590673954
2016/10/15,0.672871192
2016/10/15,0.72922325
2016/10/15,0.731799799
2016/10/15,0.737670082
2016/10/15,0.718624866
2016/10/15,0.687228151
2016/10/15,0.619653494
2016/10/15,0.55098978
2016/10/15,0.496125215
2016/10/15,0.346273632
2016/10/16,0.131755972
2016/10/16,0.087410103
2016/10/16,0.048257177
2016/10/16,0.030633048
2016/10/16,0.018786233
2016/10/16,0.023979175
2016/10/16,0.050833726
2016/10/16,0.170244839
2016/10/16,0.332779951
2016/10/16,0.332315109
2016/10/16,0.40375459
2016/10/16,0.513643095
2016/10/16,0.523896168
2016/10/16,0.525861783
2016/10/16,0.620609739
2016/10/16,0.670214956
2016/10/16,0.652338484
2016/10/16,0.625550339
2016/10/16,0.599266879
2016/10/16,0.587831781
2016/10/16,0.507879062
2016/10/16,0.494212725
2016/10/16,0.382956258
2016/10/16,0.209318078
2016/10/17,0.086321046
2016/10/17,0.055946982
2016/10/17,0.029597115
2016/10/17,0.015784685
2016/10/17,0.008267536
2016/10/17,0.016262808
2016/10/17,0.064553188
2016/10/17,0.237075749
2016/10/17,0.398574929
2016/10/17,0.444886413
2016/10/17,0.401788975
2016/10/17,0.412772513
2016/10/17,0.381787514
2016/10/17,0.405985829
2016/10/17,0.499472073
2016/10/17,0.552796021
2016/10/17,0.554761636
2016/10/17,0.496005684
2016/10/17,0.590222393
2016/10/17,0.525728971
2016/10/17,0.38274376
2016/10/17,0.421551375
2016/10/17,0.347389252
2016/10/17,0.133230183
2016/10/18,0.116336519
2016/10/18,0.078564835
2016/10/18,0.049877481
2016/10/18,0.026608849
2016/10/18,0.015426094
2016/10/18,0.019038575
2016/10/18,0.089083532
2016/10/18,0.341492406
2016/10/18,0.604937944
2016/10/18,0.605615284
2016/10/18,0.551454622
2016/10/18,0.556089754
2016/10/18,0.505461886
2016/10/18,0.531253943
2016/10/18,0.678196947
2016/10/18,0.721892037
2016/10/18,0.706472584
2016/10/18,0.668674339
2016/10/18,0.797461966
2016/10/18,0.729568561
2016/10/18,0.539767181
2016/10/18,0.60018328
2016/10/18,0.500826754
2016/10/18,0.277689605
2016/10/19,0.108553746
2016/10/19,0.081141385
2016/10/19,0.047805617
2016/10/19,0.027073691
2016/10/19,0.013526884
2016/10/19,0.024762765
2016/10/19,0.087675727
2016/10/19,0.35410953
2016/10/19,0.648261161
2016/10/19,0.588801307
2016/10/19,0.528066459
2016/10/19,0.542941384
2016/10/19,0.511637636
2016/10/19,0.528557863
2016/10/19,0.64330728
2016/10/19,0.719063145
2016/10/19,0.704414001
2016/10/19,0.713883484
2016/10/19,0.839191442
2016/10/19,0.449933262
2016/10/19,0.558148338
2016/10/19,0.627648766
2016/10/19,0.493787727
2016/10/19,0.28223177
2016/10/20,0.105777978
2016/10/20,0.079826548
2016/10/20,0.046397811
2016/10/20,0.024470579
2016/10/20,0.014469848
2016/10/20,0.024178393
2016/10/20,0.088286661
2016/10/20,0.373805524
2016/10/20,0.617900378
2016/10/20,0.575440437
2016/10/20,0.541746077
2016/10/20,0.542967946
2016/10/20,0.526061
2016/10/20,0.547948389
2016/10/20,0.649908028
2016/10/20,0.745426293
2016/10/20,0.732902138
2016/10/20,0.692168751
2016/10/20,0.80828613
2016/10/20,0.765135568
2016/10/20,0.566449077
2016/10/20,0.618683968
2016/10/20,0.515011057
2016/10/20,0.290439541
2016/10/21,0.109881864
2016/10/21,0.078764053
2016/10/21,0.051975908
2016/10/21,0.037074421
2016/10/21,0.018958888
2016/10/21,0.029211961
2016/10/21,0.095418656
2016/10/21,0.370883663
2016/10/21,0.656575181
2016/10/21,0.640996354
2016/10/21,0.560485826
2016/10/21,0.586065383
2016/10/21,0.789612787
2016/10/21,0.792322148
2016/10/21,0.736248996
2016/10/21,0.763873855
2016/10/21,0.824396204
2016/10/21,0.790569032
2016/10/21,0.883497467
2016/10/21,0.89936848
2016/10/21,0.652883013
2016/10/21,0.674066499
2016/10/21,0.607182464
2016/10/21,0.374602395
2016/10/22,0.147321518
2016/10/22,0.112750599
2016/10/22,0.072575022
2016/10/22,0.040275186
2016/10/22,0.024550266
2016/10/22,0.032266633
2016/10/22,0.081991381
2016/10/22,0.271407606
2016/10/22,0.5779373
2016/10/22,0.636361222
2016/10/22,0.710085066
2016/10/22,0.804740054
2016/10/22,0.799374456
2016/10/22,0.834370372
2016/10/22,0.878211556
2016/10/22,0.961736913
2016/10/22,0.968722815
2016/10/22,0.949133071
2016/10/22,0.828433684
2016/10/22,0.77998393
2016/10/22,0.782255012
2016/10/22,0.684226604
2016/10/22,0.583648208
2016/10/22,0.384948436
2016/10/23,0.143523099
2016/10/23,0.112750599
2016/10/23,0.069613318
2016/10/23,0.040129093
2016/10/23,0.025652604
2016/10/23,0.031775229
2016/10/23,0.066850832
2016/10/23,0.190777547
2016/10/23,0.465512089
2016/10/23,0.482405753
2016/10/23,0.55008666
2016/10/23,0.667147003
2016/10/23,0.69766716
2016/10/23,0.719275644
2016/10/23,0.829682115
2016/10/23,0.907509845
2016/10/23,0.85894056
2016/10/23,0.846150781
2016/10/23,0.858555406
2016/10/23,0.795190884
2016/10/23,0.635258883
2016/10/23,0.629335476
2016/10/23,0.522116489
2016/10/23,0.256572525
2016/10/24,0.113454502
2016/10/24,0.081101541
2016/10/24,0.045561097
2016/10/24,0.027113534
2016/10/24,0.014908127
2016/10/24,0.022943243
2016/10/24,0.097424115
2016/10/24,0.28425051
2016/10/24,0.491888518
2016/10/24,0.670188394
2016/10/24,0.768734768
2016/10/24,0.772413656
2016/10/24,0.772599592
2016/10/24,0.695568733
2016/10/24,0.739795071
2016/10/24,0.720298295
2016/10/24,0.701983545
2016/10/24,0.680189124
2016/10/24,0.784313595
2016/10/24,0.726035766
2016/10/24,0.503854863
2016/10/24,0.543950753
2016/10/24,0.451792628
2016/10/24,0.258073299
2016/10/25,0.103135023
2016/10/25,0.068205513
2016/10/25,0.046822809
2016/10/25,0.030486955
2016/10/25,0.017033117
2016/10/25,0.02211981
2016/10/25,0.081699194
2016/10/25,0.325979985
2016/10/25,0.619706619
2016/10/25,0.600980151
2016/10/25,0.571416239
2016/10/25,0.591019264
2016/10/25,0.545717151
2016/10/25,0.597845792
2016/10/25,0.817250928
2016/10/25,0.873961578
2016/10/25,0.906208289
2016/10/25,0.848727331
2016/10/25,0.823705583
2016/10/25,0.78908154
2016/10/25,0.60916136
2016/10/25,0.620915206
2016/10/25,0.47911202
2016/10/25,0.243331186
2016/10/26,0.103639708
2016/10/26,0.070131284
2016/10/26,0.039053317
2016/10/26,0.028375247
2016/10/26,0.016329214
2016/10/26,0.022079966
2016/10/26,0.080902324
2016/10/26,0.318542523
2016/10/26,0.580553693
2016/10/26,0.576795118
2016/10/26,0.584750546
2016/10/26,0.622336293
2016/10/26,0.631460465
2016/10/26,0.566156891
2016/10/26,0.716353784
2016/10/26,0.796054161
2016/10/26,0.827743062
2016/10/26,0.806904887
2016/10/26,0.728027944
2016/10/26,0.750313768
2016/10/26,0.682579737
2016/10/26,0.583807582
2016/10/26,0.470771437
2016/10/26,0.246438983
2016/10/27,0.101395188
2016/10/27,0.070848468
2016/10/27,0.047686086
2016/10/27,0.026529162
2016/10/27,0.015200313
2016/10/27,0.022305746
2016/10/27,0.083080437
2016/10/27,0.330429181
2016/10/27,0.5999575
2016/10/27,0.695741389
2016/10/27,0.679046942
2016/10/27,0.628883916
2016/10/27,0.6271308
2016/10/27,0.596185644
2016/10/27,0.780037054
2016/10/27,0.837783636
2016/10/27,0.853707774
2016/10/27,0.786717489
2016/10/27,0.818977482
2016/10/27,0.847744523
2016/10/27,0.631646402
2016/10/27,0.578322454
2016/10/27,0.489869778
2016/10/27,0.244327275
2016/10/28,0.100173319
2016/10/28,0.070543001
2016/10/28,0.045136099
2016/10/28,0.026077602
2016/10/28,0.014190944
2016/10/28,0.023142461
2016/10/28,0.080517169
2016/10/28,0.302551979
2016/10/28,0.53672579
2016/10/28,0.605987157
2016/10/28,0.600940308
2016/10/28,0.639057302
2016/10/28,0.610250417
2016/10/28,0.637118249
2016/10/28,0.793105738
2016/10/28,0.914110592
2016/10/28,0.957513497
2016/10/28,0.928972236
2016/10/28,0.862964758
2016/10/28,0.918652757
2016/10/28,0.837757074
2016/10/28,0.811035335
2016/10/28,0.691159381
2016/10/28,0.430755234
2016/10/29,0.155502726
2016/10/29,0.108885775
2016/10/29,0.064207877
2016/10/29,0.041523617
2016/10/29,0.027312752
2016/10/29,0.034550996
2016/10/29,0.077249998
2016/10/29,0.276241957
2016/10/29,0.552278055
2016/10/29,0.542078107
2016/10/29,0.596278613
2016/10/29,0.695130454
2016/10/29,0.706074149
2016/10/29,0.768057428
2016/10/29,0.776451135
2016/10/29,0.825618073
2016/10/29,0.868808479
2016/10/29,0.865820213
2016/10/29,0.789028415
2016/10/29,0.783622974
2016/10/29,0.787673734
2016/10/29,0.703351506
2016/10/29,0.592108321
2016/10/29,0.421591218
2016/10/30,0.157986307
2016/10/30,0.121848209
2016/10/30,0.06525709
2016/10/30,0.037021296
2016/10/30,0.023155742
2016/10/30,0.02549323
2016/10/30,0.057447755
2016/10/30,0.211150881
2016/10/30,0.477637809
2016/10/30,0.463015227
2016/10/30,0.533936742
2016/10/30,0.660015008
2016/10/30,0.695794514
2016/10/30,0.705104623
2016/10/30,0.801791632
2016/10/30,0.858356188
2016/10/30,0.835180524
2016/10/30,0.788125295
2016/10/30,0.743062242
2016/10/30,0.702913227
2016/10/30,0.63342608
2016/10/30,0.584445079
2016/10/30,0.499126762
2016/10/30,0.272377132
2016/10/31,0.107637344
2016/10/31,0.075550007
2016/10/31,0.047566555
2016/10/31,0.034776777
2016/10/31,0.015240157
2016/10/31,0.02178778
2016/10/31,0.078259368
2016/10/31,0.275020088
2016/10/31,0.500919722
2016/10/31,0.611897283
2016/10/31,0.588309903
2016/10/31,0.571588894
2016/10/31,0.535278141
2016/10/31,0.546620271
2016/10/31,0.676510236
2016/10/31,0.752571569
2016/10/31,0.745838009
2016/10/31,0.693696087
2016/10/31,0.723392811
2016/10/31,0.758614507
2016/10/31,0.602401238
2016/10/31,0.611034006
2016/10/31,0.507347814
2016/10/31,0.306589459
2016/11/1,0.063025852
2016/11/1,0.043396264
2016/11/1,0.022863556
2016/11/1,0.011939783
2016/11/1,0.00325389
2016/11/1,0.005511691
2016/11/1,0.032917411
2016/11/1,0.142321152
2016/11/1,0.26684552
2016/11/1,0.280053656
2016/11/1,0.258119783
2016/11/1,0.265995524
2016/11/1,0.25988618
2016/11/1,0.264136159
2016/11/1,0.33052215
2016/11/1,0.34905604
2016/11/1,0.347581829
2016/11/1,0.340795144
2016/11/1,0.395467132
2016/11/1,0.360730199
2016/11/1,0.27448884
2016/11/1,0.281913022
2016/11/1,0.232878896
2016/11/1,0.124989209
2016/11/2,0.050375525
2016/11/2,0.032671709
2016/11/2,0.014781956
2016/11/2,0.009017923
2016/11/2,0.000770309
2016/11/2,0.003977714
2016/11/2,0.035420914
2016/11/2,0.158285134
2016/11/2,0.295273891
2016/11/2,0.305912118
2016/11/2,0.278552882
2016/11/2,0.279814595
2016/11/2,0.272921661
2016/11/2,0.281195838
2016/11/2,0.338470937
2016/11/2,0.383547271
2016/11/2,0.363160656
2016/11/2,0.346486131
2016/11/2,0.381309392
2016/11/2,0.377836363
2016/11/2,0.28391848
2016/11/2,0.287046199
2016/11/2,0.241644476
2016/11/2,0.131802456
2016/11/3,0.051404817
2016/11/3,0.033860375
2016/11/3,0.016986632
2016/11/3,0.008161287
2016/11/3,0.001321478
2016/11/3,0.005790596
2016/11/3,0.034982635
2016/11/3,0.155828115
2016/11/3,0.293613743
2016/11/3,0.291342661
2016/11/3,0.279024364
2016/11/3,0.283188015
2016/11/3,0.265079123
2016/11/3,0.277589997
2016/11/3,0.341246705
2016/11/3,0.38308243
2016/11/3,0.382126185
2016/11/3,0.36140754
2016/11/3,0.409545186
2016/11/3,0.379848462
2016/11/3,0.302744556
2016/11/3,0.324651867
2016/11/3,0.254507301
2016/11/3,0.151910166
2016/11/4,0.054891128
2016/11/4,0.040149015
2016/11/4,0.022451839
2016/11/4,0.009615576
2016/11/4,0.0024703
2016/11/4,0.005777314
2016/11/4,0.038907224
2016/11/4,0.174362005
2016/11/4,0.317539794
2016/11/4,0.34007132
2016/11/4,0.327905757
2016/11/4,0.331352224
2016/11/4,0.324512415
2016/11/4,0.325979985
2016/11/4,0.395340961
2016/11/4,0.453472697
2016/11/4,0.434015765
2016/11/4,0.419227168
2016/11/4,0.414406099
2016/11/4,0.421299032
2016/11/4,0.39487612
2016/11/4,0.349241977
2016/11/4,0.28594386
2016/11/4,0.211741893
2016/11/5,0.078744131
2016/11/5,0.05728174
2016/11/5,0.030865468
2016/11/5,0.016747571
2016/11/5,0.009834716
2016/11/5,0.011767128
2016/11/5,0.035341227
2016/11/5,0.144891061
2016/11/5,0.274993525
2016/11/5,0.282112239
2016/11/5,0.318077682
2016/11/5,0.371302021
2016/11/5,0.386661708
2016/11/5,0.399398362
2016/11/5,0.4517063
2016/11/5,0.499790821
2016/11/5,0.500800191
2016/11/5,0.487851038
2016/11/5,0.483029969
2016/11/5,0.467723406
2016/11/5,0.401981552
2016/11/5,0.380598849
2016/11/5,0.313435908
2016/11/5,0.216987961
2016/11/6,0.088426113
2016/11/6,0.055873935
2016/11/6,0.033727563
2016/11/6,0.019383886
2016/11/6,0.005398801
2016/11/6,0.005936689
2016/11/6,0.027120175
2016/11/6,0.108912338
2016/11/6,0.223203554
2016/11/6,0.236923016
2016/11/6,0.275976333
2016/11/6,0.345928321
2016/11/6,0.365537988
2016/11/6,0.368406723
2016/11/6,0.426306038
2016/11/6,0.459376183
2016/11/6,0.393680813
2016/11/6,0.374987549
2016/11/6,0.3809508
2016/11/6,0.371614129
2016/11/6,0.326278812
2016/11/6,0.308601558
2016/11/6,0.230933202
2016/11/6,0.159639814
2016/11/7,0.053224339
2016/11/7,0.03750606
2016/11/7,0.019410448
2016/11/7,0.008739018
2016/11/7,0.001726554
2016/11/7,0.00067734
2016/11/7,0.025918228
2016/11/7,0.11714003
2016/11/7,0.255622921
2016/11/7,0.323383514
2016/11/7,0.31232693
2016/11/7,0.29346765
2016/11/7,0.268704885
2016/11/7,0.28874619
2016/11/7,0.347708
2016/11/7,0.380492599
2016/11/7,0.369070782
2016/11/7,0.359773954
2016/11/7,0.410866664
2016/11/7,0.364535258
2016/11/7,0.271374403
2016/11/7,0.279881001
2016/11/7,0.233469908
2016/11/7,0.143450053
2016/11/8,0.057069241
2016/11/8,0.037877933
2016/11/8,0.022272543
2016/11/8,0.011767128
2016/11/8,0.002098427
2016/11/8,0.00606286
2016/11/8,0.036808797
2016/11/8,0.175099111
2016/11/8,0.330083871
2016/11/8,0.328862002
2016/11/8,0.303116429
2016/11/8,0.30491603
2016/11/8,0.259248684
2016/11/8,0.279031005
2016/11/8,0.345556448
2016/11/8,0.365843455
2016/11/8,0.351878291
2016/11/8,0.333935414
2016/11/8,0.397698371
2016/11/8,0.337255709
2016/11/8,0.26358499
2016/11/8,0.26493967
2016/11/8,0.222048091
2016/11/8,0.141650453
2016/11/9,0.057361427
2016/11/9,0.04031503
2016/11/9,0.020280366
2016/11/9,0.008931595
2016/11/9,0.001945693
2016/11/9,0.006873012
2016/11/9,0.037081062
2016/11/9,0.173299511
2016/11/9,0.312473023
2016/11/9,0.29504147
2016/11/9,0.291249693
2016/11/9,0.308541793
2016/11/9,0.268459184
2016/11/9,0.284655586
2016/11/9,0.327653414
2016/11/9,0.35422242
2016/11/9,0.337966253
2016/11/9,0.344593563
2016/11/9,0.417633426
2016/11/9,0.339141637
2016/11/9,0.269408788
2016/11/9,0.276467737
2016/11/9,0.225122685
2016/11/9,0.14870276
2016/11/10,0.053895039
2016/11/10,0.034902948
2016/11/10,0.021488953
2016/11/10,0.010312838
2016/11/10,0.003154281
2016/11/10,0.005066771
2016/11/10,0.034962713
2016/11/10,0.172894435
2016/11/10,0.320408529
2016/11/10,0.302419167
2016/11/10,0.295068033
2016/11/10,0.281388415
2016/11/10,0.263770926
2016/11/10,0.283818871
2016/11/10,0.339201402
2016/11/10,0.367536805
2016/11/10,0.356812251
2016/11/10,0.357463029
2016/11/10,0.410786976
2016/11/10,0.347415814
2016/11/10,0.271088858
2016/11/10,0.283606372
2016/11/10,0.229678131
2016/11/10,0.15329805
2016/11/11,0.057554005
2016/11/11,0.041224791
2016/11/11,0.024417454
2016/11/11,0.011136272
2016/11/11,0.004230057
2016/11/11,0.007935507
2016/11/11,0.033774047
2016/11/11,0.174169428
2016/11/11,0.330854179
2016/11/11,0.316742923
2016/11/11,0.294616473
2016/11/11,0.314412075
2016/11/11,0.299596916
2016/11/11,0.310706625
2016/11/11,0.375578562
2016/11/11,0.428583761
2016/11/11,0.457895331
2016/11/11,0.426910332
2016/11/11,0.439142301
2016/11/11,0.442263379
2016/11/11,0.39498901
2016/11/11,0.379775415
2016/11/11,0.326517873
2016/11/11,0.241737444
2016/11/12,0.105877587
2016/11/12,0.07041683
2016/11/12,0.036071692
2016/11/12,0.021143643
2016/11/12,0.012032751
2016/11/12,0.012969075
2016/11/12,0.032937333
2016/11/12,0.126284124
2016/11/12,0.276434534
2016/11/12,0.26875801
2016/11/12,0.287916116
2016/11/12,0.345934962
2016/11/12,0.347588469
2016/11/12,0.363260265
2016/11/12,0.422162309
2016/11/12,0.455571124
2016/11/12,0.442787986
2016/11/12,0.434334513
2016/11/12,0.448080537
2016/11/12,0.423284569
2016/11/12,0.350590017
2016/11/12,0.325721002
2016/11/12,0.279887641
2016/11/12,0.196169707
2016/11/13,0.084893319
2016/11/13,0.059851649
2016/11/13,0.032957255
2016/11/13,0.016694446
2016/11/13,0.005916767
2016/11/13,0.007457384
2016/11/13,0.025287372
2016/11/13,0.097888956
2016/11/13,0.213587978
2016/11/13,0.219026622
2016/11/13,0.249188188
2016/11/13,0.301781671
2016/11/13,0.315640585
2016/11/13,0.336897117
2016/11/13,0.387837093
2016/11/13,0.414638519
2016/11/13,0.38735897
2016/11/13,0.37286256
2016/11/13,0.374682082
2016/11/13,0.344972076
2016/11/13,0.290486025
2016/11/13,0.283586451
2016/11/13,0.227148065
2016/11/13,0.139923899
2016/11/14,0.05761377
2016/11/14,0.0381834
2016/11/14,0.01695343
2016/11/14,0.009728466
2016/11/14,0.002450378
2016/11/14,0.007005824
2016/11/14,0.037831449
2016/11/14,0.153138675
2016/11/14,0.294616473
2016/11/14,0.30727344
2016/11/14,0.274402513
2016/11/14,0.274827511
2016/11/14,0.250569431
2016/11/14,0.267383408
2016/11/14,0.318914396
2016/11/14,0.338251798
2016/11/14,0.331451832
2016/11/14,0.32535577
2016/11/14,0.374237162
2016/11/14,0.312114431
2016/11/14,0.252767466
2016/11/14,0.262847884
2016/11/14,0.218840686
2016/11/14,0.139027419
2016/11/15,0.053104808
2016/11/15,0.039558002
2016/11/15,0.021601843
2016/11/15,0.008752299
2016/11/15,0.00202538
2016/11/15,0.005046849
2016/11/15,0.035985364
2016/11/15,0.173253026
2016/11/15,0.300891831
2016/11/15,0.319605018
2016/11/15,0.30648985
2016/11/15,0.297027007
2016/11/15,0.271241591
2016/11/15,0.287125886
2016/11/15,0.342574823
2016/11/15,0.37893206
2016/11/15,0.367536805
2016/11/15,0.3470373
2016/11/15,0.363844637
2016/11/15,0.32580733
2016/11/15,0.273187285
2016/11/15,0.270763469
2016/11/15,0.221855514
2016/11/15,0.149273851
2016/11/16,0.059393448
2016/11/16,0.042625955
2016/11/16,0.020911222
2016/11/16,0.013267901
2016/11/16,0.002503503
2016/11/16,0.007377697
2016/11/16,0.035699819
2016/11/16,0.168312427
2016/11/16,0.290725086
2016/11/16,0.321039385
2016/11/16,0.302067216
2016/11/16,0.301403157
2016/11/16,0.277523591
2016/11/16,0.297013726
2016/11/16,0.360112624
2016/11/16,0.385546089
2016/11/16,0.386030852
2016/11/16,0.364707914
2016/11/16,0.388102717
2016/11/16,0.336936961
2016/11/16,0.289483296
2016/11/16,0.281395055
2016/11/16,0.227114862
2016/11/16,0.144339892
2016/11/17,0.060947347
2016/11/17,0.043316577
2016/11/17,0.024158471
2016/11/17,0.011640957
2016/11/17,0.004960522
2016/11/17,0.010014012
2016/11/17,0.03819004
2016/11/17,0.170603431
2016/11/17,0.313024192
2016/11/17,0.34097444
2016/11/17,0.316404253
2016/11/17,0.314299185
2016/11/17,0.27920366
2016/11/17,0.293281714
2016/11/17,0.358425914
2016/11/17,0.385519527
2016/11/17,0.379117997
2016/11/17,0.363505967
2016/11/17,0.392870661
2016/11/17,0.349022837
2016/11/17,0.287524321
2016/11/17,0.279216941
2016/11/17,0.225833228
2016/11/17,0.156764438
2016/11/18,0.058649702
2016/11/18,0.040866199
2016/11/18,0.025546355
2016/11/18,0.011674159
2016/11/18,0.004243338
2016/11/18,0.009343312
2016/11/18,0.035062322
2016/11/18,0.171951471
2016/11/18,0.313402705
2016/11/18,0.335343219
2016/11/18,0.326165922
2016/11/18,0.329134266
2016/11/18,0.310367955
2016/11/18,0.314226139
2016/11/18,0.385831634
2016/11/18,0.424274017
2016/11/18,0.42643221
2016/11/18,0.407254182
2016/11/18,0.423590036
2016/11/18,0.407048324
2016/11/18,0.335827982
2016/11/18,0.322945235
2016/11/18,0.262854525
2016/11/18,0.204158338
2016/11/19,0.090438213
2016/11/19,0.062992649
2016/11/19,0.036104895
2016/11/19,0.018772952
2016/11/19,0.011826893
2016/11/19,0.011860096
2016/11/19,0.034325216
2016/11/19,0.143987941
2016/11/19,0.280113421
2016/11/19,0.284834882
2016/11/19,0.297352396
2016/11/19,0.355032572
2016/11/19,0.365650878
2016/11/19,0.370332494
2016/11/19,0.415388906
2016/11/19,0.446951637
2016/11/19,0.452244188
2016/11/19,0.459953914
2016/11/19,0.488754159
2016/11/19,0.443578216
2016/11/19,0.344806062
2016/11/19,0.342641229
2016/11/19,0.294789128
2016/11/19,0.202936469
2016/11/20,0.094535457
2016/11/20,0.061618046
2016/11/20,0.03571974
2016/11/20,0.01830147
2016/11/20,0.007802695
2016/11/20,0.01089721
2016/11/20,0.02684127
2016/11/20,0.102065888
2016/11/20,0.226563693
2016/11/20,0.2344992
2016/11/20,0.262628744
2016/11/20,0.32097962
2016/11/20,0.333463932
2016/11/20,0.33939398
2016/11/20,0.397751496
2016/11/20,0.422574026
2016/11/20,0.418596312
2016/11/20,0.405142474
2016/11/20,0.410700649
2016/11/20,0.370432103
2016/11/20,0.301203939
2016/11/20,0.301609015
2016/11/20,0.229432429
2016/11/20,0.147779718
2016/11/21,0.059227434
2016/11/21,0.040593934
2016/11/21,0.024942061
2016/11/21,0.012417906
2016/11/21,0.004907397
2016/11/21,0.008665972
2016/11/21,0.039292379
2016/11/21,0.166685482
2016/11/21,0.312406617
2016/11/21,0.337454927
2016/11/21,0.309624209
2016/11/21,0.302598463
2016/11/21,0.270517767
2016/11/21,0.29806958
2016/11/21,0.376030122
2016/11/21,0.407486603
2016/11/21,0.411849471
2016/11/21,0.379576197
2016/11/21,0.384510157
2016/11/21,0.37455591
2016/11/21,0.285140349
2016/11/21,0.258060018
2016/11/21,0.201807569
2016/11/21,0.122552112
2016/11/22,0.053948164
2016/11/22,0.033727563
2016/11/22,0.018347954
2016/11/22,0.010014012
2016/11/22,0.003353499
2016/11/22,0.004741382
2016/11/22,0.032027572
2016/11/22,0.143244194
2016/11/22,0.254454177
2016/11/22,0.326404983
2016/11/22,0.331445192
2016/11/22,0.340283819
2016/11/22,0.282709892
2016/11/22,0.275557976
2016/11/22,0.264083034
2016/11/22,0.273373221
2016/11/22,0.253351838
2016/11/22,0.245071021
2016/11/22,0.221775827
2016/11/22,0.209557139
2016/11/22,0.195346274
2016/11/22,0.171141318
2016/11/22,0.142945368
2016/11/22,0.110751781
2016/11/23,0.04784546
2016/11/23,0.037253717
2016/11/23,0.016262808
2016/11/23,0.0074109
2016/11/23,0.00325389
2016/11/23,0
2016/11/23,0.007497228
2016/11/23,0.074660168
2016/11/23,0.180458068
2016/11/23,0.233051551
2016/11/23,0.271759557
2016/11/23,0.281813413
2016/11/23,0.250503025
2016/11/23,0.273625564
2016/11/23,0.34680488
2016/11/23,0.375459031
2016/11/23,0.35657983
2016/11/23,0.359674345
2016/11/23,0.425509167
2016/11/23,0.370179761
2016/11/23,0.286920027
2016/11/23,0.27683961
2016/11/23,0.227832046
2016/11/23,0.136225089
2016/11/24,0.059798524
2016/11/24,0.042592752
2016/11/24,0.019742478
2016/11/24,0.009482764
2016/11/24,0.002051943
2016/11/24,0.005133177
2016/11/24,0.031795151
2016/11/24,0.160330436
2016/11/24,0.336412354
2016/11/24,0.333437369
2016/11/24,0.299789493
2016/11/24,0.287099323
2016/11/24,0.270989249
2016/11/24,0.276540783
2016/11/24,0.358306384
2016/11/24,0.403502248
2016/11/24,0.399903047
2016/11/24,0.381409001
2016/11/24,0.435171228
2016/11/24,0.396974547
2016/11/24,0.299816056
2016/11/24,0.295605921
2016/11/24,0.24438704
2016/11/24,0.139425854
2016/11/25,0.05402121
2016/11/25,0.038754491
2016/11/25,0.022299106
2016/11/25,0.012676889
2016/11/25,0.002111708
2016/11/25,0.006208953
2016/11/25,0.031117811
2016/11/25,0.168890158
2016/11/25,0.346114258
2016/11/25,0.335542437
2016/11/25,0.314053483
2016/11/25,0.330575274
2016/11/25,0.316981984
2016/11/25,0.342694354
2016/11/25,0.446559842
2016/11/25,0.484822929
2016/11/25,0.464828108
2016/11/25,0.450869585
2016/11/25,0.464602328
2016/11/25,0.467032785
2016/11/25,0.377949253
2016/11/25,0.373719196
2016/11/25,0.316875735
2016/11/25,0.233576158
2016/11/26,0.090092902
2016/11/26,0.059685634
2016/11/26,0.031947885
2016/11/26,0.022186215
2016/11/26,0.010286276
2016/11/26,0.012743295
2016/11/26,0.028833447
2016/11/26,0.126450139
2016/11/26,0.279668502
2016/11/26,0.280020453
2016/11/26,0.308123435
2016/11/26,0.379005107
2016/11/26,0.396297206
2016/11/26,0.394172217
2016/11/26,0.443186421
2016/11/26,0.476774532
2016/11/26,0.470180425
2016/11/26,0.469237461
2016/11/26,0.466687474
2016/11/26,0.452084814
2016/11/26,0.390765594
2016/11/26,0.362430191
2016/11/26,0.313409346
2016/11/26,0.228276966
2016/11/27,0.088074162
2016/11/27,0.064493422
2016/11/27,0.030958437
2016/11/27,0.018899123
2016/11/27,0.009741747
2016/11/27,0.01213236
2016/11/27,0.024131909
2016/11/27,0.09456202
2016/11/27,0.227553141
2016/11/27,0.232580069
2016/11/27,0.262104138
2016/11/27,0.322161645
2016/11/27,0.348518152
2016/11/27,0.350477126
2016/11/27,0.406981918
2016/11/27,0.436944266
2016/11/27,0.420681457
2016/11/27,0.404617867
2016/11/27,0.419034591
2016/11/27,0.384417189
2016/11/27,0.309033196
2016/11/27,0.290758289
2016/11/27,0.239041364
2016/11/27,0.147514095
2016/11/28,0.058596577
2016/11/28,0.039378706
2016/11/28,0.020260444
2016/11/28,0.011767128
2016/11/28,0.003180843
2016/11/28,0.006169109
2016/11/28,0.039670892
2016/11/28,0.164347994
2016/11/28,0.31603902
2016/11/28,0.321271806
2016/11/28,0.279774751
2016/11/28,0.276381409
2016/11/28,0.263604911
2016/11/28,0.284655586
2016/11/28,0.369123907
2016/11/28,0.403920605
2016/11/28,0.384051956
2016/11/28,0.359189582
2016/11/28,0.41172994
2016/11/28,0.326305374
2016/11/28,0.245688596
2016/11/28,0.24707648
2016/11/28,0.215600077
2016/11/28,0.133993851
2016/11/29,0.056982914
2016/11/29,0.038475586
2016/11/29,0.020267085
2016/11/29,0.010591743
2016/11/29,0.002105067
2016/11/29,0.006574185
2016/11/29,0.035865833
2016/11/29,0.185372106
2016/11/29,0.347156831
2016/11/29,0.336870555
2016/11/29,0.304882827
2016/11/29,0.318436274
2016/11/29,0.272111509
2016/11/29,0.297518411
2016/11/29,0.36870555
2016/11/29,0.396582752
2016/11/29,0.367403994
2016/11/29,0.366281734
2016/11/29,0.431027499
2016/11/29,0.344414267
2016/11/29,0.273293534
2016/11/29,0.280086859
2016/11/29,0.236624189
2016/11/29,0.151305872
2016/11/30,0.057494239
2016/11/30,0.044352509
2016/11/30,0.022378793
2016/11/30,0.013613212
2016/11/30,0.00482771
2016/11/30,0.006056219
2016/11/30,0.034756855
2016/11/30,0.18632171
2016/11/30,0.342236153
2016/11/30,0.339652963
2016/11/30,0.327195213
2016/11/30,0.31716128
2016/11/30,0.294709441
2016/11/30,0.315076134
2016/11/30,0.397074155
2016/11/30,0.406822543
2016/11/30,0.391828088
2016/11/30,0.386429288
2016/11/30,0.427946264
2016/11/30,0.367981725
2016/11/30,0.27920366
2016/11/30,0.28458918
2016/11/30,0.237115593
2016/11/30,0.161731601
